index,MTTA
0,1110.0136062483402
1,1124.4208775771172
2,1135.55495893054
3,1213.8190165700125
4,1248.4937884999372
5,1269.9454949755764
6,1276.4574803556716
7,1297.824631318163
8,1354.0386836304333
9,1361.0545371261348
