,Full Filename,Charge Weighted Average (A),Discharge Weighted Average (A)
0,0.74_OX_1-1_pouch_LCO_40C_0-100_2-1.84C_a_timeseries.csv,0.7400000000000001,-0.74
1,0.74_OX_1-2_pouch_LCO_40C_0-100_2-1.84C_b_timeseries.csv,0.74,-0.74
2,0.74_OX_1-3_pouch_LCO_40C_0-100_2-1.84C_c_timeseries.csv,0.7400000000000001,-0.7400000000000001
3,0.74_OX_1-4_pouch_LCO_40C_0-100_2-1.84C_d_timeseries.csv,0.7400000000000001,-0.7400000000000002
4,0.74_OX_1-5_pouch_LCO_40C_0-100_2-1.84C_e_timeseries.csv,0.7400000000000001,-0.7400000000000002
5,0.74_OX_1-6_pouch_LCO_40C_0-100_2-1.84C_f_timeseries.csv,0.7400000000000001,-0.7400000000000001
6,0.74_OX_1-7_pouch_LCO_40C_0-100_2-1.84C_g_timeseries.csv,0.7400000000000001,-0.7400000000000001
7,0.74_OX_1-8_pouch_LCO_40C_0-100_2-1.84C_h_timeseries.csv,0.7400000000000001,-0.7400000000000001
8,1.10_SNL_18650_LFP_15C_0-100_0.5-1C_a_timeseries.csv,0.5183946910367974,-1.0868674179308584
